-- 生產規模測試數據
-- 100 客戶，每客戶 7-8 服務，每服務 6-7 任務

-- 清理舊數據
DELETE FROM TaskGenerationQueue WHERE client_id LIKE 'PROD_TEST_%';
DELETE FROM TaskGenerationTemplates WHERE client_id LIKE 'PROD_TEST_%';
DELETE FROM ClientServiceTaskConfigs WHERE client_service_id IN (SELECT client_service_id FROM ClientServices WHERE client_id LIKE 'PROD_TEST_%');
DELETE FROM ClientServices WHERE client_id LIKE 'PROD_TEST_%';
DELETE FROM Clients WHERE client_id LIKE 'PROD_TEST_%';

-- 獲取起始 ID（需要在腳本中動態獲取）
-- 這裡假設從 10000 開始

-- 創建 10 個服務（如果不存在）
INSERT OR IGNORE INTO Services (service_id, service_name, service_code) VALUES
(1000, '生產測試服務1', 'PROD_SVC_1000'),
(1001, '生產測試服務2', 'PROD_SVC_1001'),
(1002, '生產測試服務3', 'PROD_SVC_1002'),
(1003, '生產測試服務4', 'PROD_SVC_1003'),
(1004, '生產測試服務5', 'PROD_SVC_1004'),
(1005, '生產測試服務6', 'PROD_SVC_1005'),
(1006, '生產測試服務7', 'PROD_SVC_1006'),
(1007, '生產測試服務8', 'PROD_SVC_1007'),
(1008, '生產測試服務9', 'PROD_SVC_1008'),
(1009, '生產測試服務10', 'PROD_SVC_1009');

-- 獲取管理員 ID
-- 假設為 1，實際需要從 Users 表獲取

-- 注意：由於數據量太大（~4875 個任務配置），這裡只創建前 10 個客戶作為示例
-- 完整數據需要通過 PowerShell 腳本動態生成

-- 客戶 1-10（示例）
INSERT INTO Clients (client_id, company_name, tax_registration_number, assignee_user_id, is_deleted) VALUES
('PROD_TEST_1', '生產測試客戶1', '10000001', 1, 0),
('PROD_TEST_2', '生產測試客戶2', '10000002', 1, 0),
('PROD_TEST_3', '生產測試客戶3', '10000003', 1, 0),
('PROD_TEST_4', '生產測試客戶4', '10000004', 1, 0),
('PROD_TEST_5', '生產測試客戶5', '10000005', 1, 0),
('PROD_TEST_6', '生產測試客戶6', '10000006', 1, 0),
('PROD_TEST_7', '生產測試客戶7', '10000007', 1, 0),
('PROD_TEST_8', '生產測試客戶8', '10000008', 1, 0),
('PROD_TEST_9', '生產測試客戶9', '10000009', 1, 0),
('PROD_TEST_10', '生產測試客戶10', '10000010', 1, 0);

-- 每個客戶 7 個服務（共 70 個客戶服務）
-- client_service_id 從 10000 開始
INSERT INTO ClientServices (client_service_id, client_id, service_id, status, service_type, use_for_auto_generate, is_deleted, execution_months) VALUES
(10000, 'PROD_TEST_1', 1000, 'active', 'recurring', 1, 0, '[1,2,3,4,5,6,7,8,9,10,11,12]'),
(10001, 'PROD_TEST_1', 1001, 'active', 'recurring', 1, 0, '[1,2,3,4,5,6,7,8,9,10,11,12]'),
(10002, 'PROD_TEST_1', 1002, 'active', 'recurring', 1, 0, '[1,2,3,4,5,6,7,8,9,10,11,12]'),
(10003, 'PROD_TEST_1', 1003, 'active', 'recurring', 1, 0, '[1,2,3,4,5,6,7,8,9,10,11,12]'),
(10004, 'PROD_TEST_1', 1004, 'active', 'recurring', 1, 0, '[1,2,3,4,5,6,7,8,9,10,11,12]'),
(10005, 'PROD_TEST_1', 1005, 'active', 'recurring', 1, 0, '[1,2,3,4,5,6,7,8,9,10,11,12]'),
(10006, 'PROD_TEST_1', 1006, 'active', 'recurring', 1, 0, '[1,2,3,4,5,6,7,8,9,10,11,12]'),
(10007, 'PROD_TEST_2', 1000, 'active', 'recurring', 1, 0, '[1,2,3,4,5,6,7,8,9,10,11,12]'),
(10008, 'PROD_TEST_2', 1001, 'active', 'recurring', 1, 0, '[1,2,3,4,5,6,7,8,9,10,11,12]'),
(10009, 'PROD_TEST_2', 1002, 'active', 'recurring', 1, 0, '[1,2,3,4,5,6,7,8,9,10,11,12]'),
(10010, 'PROD_TEST_2', 1003, 'active', 'recurring', 1, 0, '[1,2,3,4,5,6,7,8,9,10,11,12]'),
(10011, 'PROD_TEST_2', 1004, 'active', 'recurring', 1, 0, '[1,2,3,4,5,6,7,8,9,10,11,12]'),
(10012, 'PROD_TEST_2', 1005, 'active', 'recurring', 1, 0, '[1,2,3,4,5,6,7,8,9,10,11,12]'),
(10013, 'PROD_TEST_2', 1006, 'active', 'recurring', 1, 0, '[1,2,3,4,5,6,7,8,9,10,11,12]'),
(10014, 'PROD_TEST_3', 1000, 'active', 'recurring', 1, 0, '[1,2,3,4,5,6,7,8,9,10,11,12]'),
(10015, 'PROD_TEST_3', 1001, 'active', 'recurring', 1, 0, '[1,2,3,4,5,6,7,8,9,10,11,12]'),
(10016, 'PROD_TEST_3', 1002, 'active', 'recurring', 1, 0, '[1,2,3,4,5,6,7,8,9,10,11,12]'),
(10017, 'PROD_TEST_3', 1003, 'active', 'recurring', 1, 0, '[1,2,3,4,5,6,7,8,9,10,11,12]'),
(10018, 'PROD_TEST_3', 1004, 'active', 'recurring', 1, 0, '[1,2,3,4,5,6,7,8,9,10,11,12]'),
(10019, 'PROD_TEST_3', 1005, 'active', 'recurring', 1, 0, '[1,2,3,4,5,6,7,8,9,10,11,12]'),
(10020, 'PROD_TEST_3', 1006, 'active', 'recurring', 1, 0, '[1,2,3,4,5,6,7,8,9,10,11,12]'),
(10021, 'PROD_TEST_4', 1000, 'active', 'recurring', 1, 0, '[1,2,3,4,5,6,7,8,9,10,11,12]'),
(10022, 'PROD_TEST_4', 1001, 'active', 'recurring', 1, 0, '[1,2,3,4,5,6,7,8,9,10,11,12]'),
(10023, 'PROD_TEST_4', 1002, 'active', 'recurring', 1, 0, '[1,2,3,4,5,6,7,8,9,10,11,12]'),
(10024, 'PROD_TEST_4', 1003, 'active', 'recurring', 1, 0, '[1,2,3,4,5,6,7,8,9,10,11,12]'),
(10025, 'PROD_TEST_4', 1004, 'active', 'recurring', 1, 0, '[1,2,3,4,5,6,7,8,9,10,11,12]'),
(10026, 'PROD_TEST_4', 1005, 'active', 'recurring', 1, 0, '[1,2,3,4,5,6,7,8,9,10,11,12]'),
(10027, 'PROD_TEST_4', 1006, 'active', 'recurring', 1, 0, '[1,2,3,4,5,6,7,8,9,10,11,12]'),
(10028, 'PROD_TEST_5', 1000, 'active', 'recurring', 1, 0, '[1,2,3,4,5,6,7,8,9,10,11,12]'),
(10029, 'PROD_TEST_5', 1001, 'active', 'recurring', 1, 0, '[1,2,3,4,5,6,7,8,9,10,11,12]'),
(10030, 'PROD_TEST_5', 1002, 'active', 'recurring', 1, 0, '[1,2,3,4,5,6,7,8,9,10,11,12]'),
(10031, 'PROD_TEST_5', 1003, 'active', 'recurring', 1, 0, '[1,2,3,4,5,6,7,8,9,10,11,12]'),
(10032, 'PROD_TEST_5', 1004, 'active', 'recurring', 1, 0, '[1,2,3,4,5,6,7,8,9,10,11,12]'),
(10033, 'PROD_TEST_5', 1005, 'active', 'recurring', 1, 0, '[1,2,3,4,5,6,7,8,9,10,11,12]'),
(10034, 'PROD_TEST_5', 1006, 'active', 'recurring', 1, 0, '[1,2,3,4,5,6,7,8,9,10,11,12]'),
(10035, 'PROD_TEST_6', 1000, 'active', 'recurring', 1, 0, '[1,2,3,4,5,6,7,8,9,10,11,12]'),
(10036, 'PROD_TEST_6', 1001, 'active', 'recurring', 1, 0, '[1,2,3,4,5,6,7,8,9,10,11,12]'),
(10037, 'PROD_TEST_6', 1002, 'active', 'recurring', 1, 0, '[1,2,3,4,5,6,7,8,9,10,11,12]'),
(10038, 'PROD_TEST_6', 1003, 'active', 'recurring', 1, 0, '[1,2,3,4,5,6,7,8,9,10,11,12]'),
(10039, 'PROD_TEST_6', 1004, 'active', 'recurring', 1, 0, '[1,2,3,4,5,6,7,8,9,10,11,12]'),
(10040, 'PROD_TEST_6', 1005, 'active', 'recurring', 1, 0, '[1,2,3,4,5,6,7,8,9,10,11,12]'),
(10041, 'PROD_TEST_6', 1006, 'active', 'recurring', 1, 0, '[1,2,3,4,5,6,7,8,9,10,11,12]'),
(10042, 'PROD_TEST_7', 1000, 'active', 'recurring', 1, 0, '[1,2,3,4,5,6,7,8,9,10,11,12]'),
(10043, 'PROD_TEST_7', 1001, 'active', 'recurring', 1, 0, '[1,2,3,4,5,6,7,8,9,10,11,12]'),
(10044, 'PROD_TEST_7', 1002, 'active', 'recurring', 1, 0, '[1,2,3,4,5,6,7,8,9,10,11,12]'),
(10045, 'PROD_TEST_7', 1003, 'active', 'recurring', 1, 0, '[1,2,3,4,5,6,7,8,9,10,11,12]'),
(10046, 'PROD_TEST_7', 1004, 'active', 'recurring', 1, 0, '[1,2,3,4,5,6,7,8,9,10,11,12]'),
(10047, 'PROD_TEST_7', 1005, 'active', 'recurring', 1, 0, '[1,2,3,4,5,6,7,8,9,10,11,12]'),
(10048, 'PROD_TEST_7', 1006, 'active', 'recurring', 1, 0, '[1,2,3,4,5,6,7,8,9,10,11,12]'),
(10049, 'PROD_TEST_8', 1000, 'active', 'recurring', 1, 0, '[1,2,3,4,5,6,7,8,9,10,11,12]'),
(10050, 'PROD_TEST_8', 1001, 'active', 'recurring', 1, 0, '[1,2,3,4,5,6,7,8,9,10,11,12]'),
(10051, 'PROD_TEST_8', 1002, 'active', 'recurring', 1, 0, '[1,2,3,4,5,6,7,8,9,10,11,12]'),
(10052, 'PROD_TEST_8', 1003, 'active', 'recurring', 1, 0, '[1,2,3,4,5,6,7,8,9,10,11,12]'),
(10053, 'PROD_TEST_8', 1004, 'active', 'recurring', 1, 0, '[1,2,3,4,5,6,7,8,9,10,11,12]'),
(10054, 'PROD_TEST_8', 1005, 'active', 'recurring', 1, 0, '[1,2,3,4,5,6,7,8,9,10,11,12]'),
(10055, 'PROD_TEST_8', 1006, 'active', 'recurring', 1, 0, '[1,2,3,4,5,6,7,8,9,10,11,12]'),
(10056, 'PROD_TEST_9', 1000, 'active', 'recurring', 1, 0, '[1,2,3,4,5,6,7,8,9,10,11,12]'),
(10057, 'PROD_TEST_9', 1001, 'active', 'recurring', 1, 0, '[1,2,3,4,5,6,7,8,9,10,11,12]'),
(10058, 'PROD_TEST_9', 1002, 'active', 'recurring', 1, 0, '[1,2,3,4,5,6,7,8,9,10,11,12]'),
(10059, 'PROD_TEST_9', 1003, 'active', 'recurring', 1, 0, '[1,2,3,4,5,6,7,8,9,10,11,12]'),
(10060, 'PROD_TEST_9', 1004, 'active', 'recurring', 1, 0, '[1,2,3,4,5,6,7,8,9,10,11,12]'),
(10061, 'PROD_TEST_9', 1005, 'active', 'recurring', 1, 0, '[1,2,3,4,5,6,7,8,9,10,11,12]'),
(10062, 'PROD_TEST_9', 1006, 'active', 'recurring', 1, 0, '[1,2,3,4,5,6,7,8,9,10,11,12]'),
(10063, 'PROD_TEST_10', 1000, 'active', 'recurring', 1, 0, '[1,2,3,4,5,6,7,8,9,10,11,12]'),
(10064, 'PROD_TEST_10', 1001, 'active', 'recurring', 1, 0, '[1,2,3,4,5,6,7,8,9,10,11,12]'),
(10065, 'PROD_TEST_10', 1002, 'active', 'recurring', 1, 0, '[1,2,3,4,5,6,7,8,9,10,11,12]'),
(10066, 'PROD_TEST_10', 1003, 'active', 'recurring', 1, 0, '[1,2,3,4,5,6,7,8,9,10,11,12]'),
(10067, 'PROD_TEST_10', 1004, 'active', 'recurring', 1, 0, '[1,2,3,4,5,6,7,8,9,10,11,12]'),
(10068, 'PROD_TEST_10', 1005, 'active', 'recurring', 1, 0, '[1,2,3,4,5,6,7,8,9,10,11,12]'),
(10069, 'PROD_TEST_10', 1006, 'active', 'recurring', 1, 0, '[1,2,3,4,5,6,7,8,9,10,11,12]');

-- 每個服務 6 個任務（共 420 個任務配置）
-- config_id 從 10000 開始
-- 由於 SQL 變量限制，分批插入
-- 第一批：10000-10099 (100個)
INSERT INTO ClientServiceTaskConfigs (config_id, client_service_id, task_name, task_description, stage_order, generation_time_rule, generation_time_params, due_rule, days_due, execution_frequency, auto_generate, is_deleted) VALUES
(10000, 10000, '任務階段1', '任務描述10000', 1, 'month_start', '{}', 'days_after_generation', 7, 'monthly', 1, 0),
(10001, 10000, '任務階段2', '任務描述10001', 2, 'month_start', '{}', 'days_after_generation', 14, 'monthly', 1, 0),
(10002, 10000, '任務階段3', '任務描述10002', 3, 'month_start', '{}', 'days_after_generation', 21, 'monthly', 1, 0),
(10003, 10000, '任務階段4', '任務描述10003', 4, 'month_start', '{}', 'end_of_month', 0, 'monthly', 1, 0),
(10004, 10000, '任務階段5', '任務描述10004', 5, 'month_start', '{}', 'days_after_generation', 28, 'monthly', 1, 0),
(10005, 10000, '任務階段6', '任務描述10005', 6, 'month_start', '{}', 'days_after_generation', 30, 'monthly', 1, 0),
(10006, 10001, '任務階段1', '任務描述10006', 1, 'month_start', '{}', 'days_after_generation', 7, 'monthly', 1, 0),
(10007, 10001, '任務階段2', '任務描述10007', 2, 'month_start', '{}', 'days_after_generation', 14, 'monthly', 1, 0),
(10008, 10001, '任務階段3', '任務描述10008', 3, 'month_start', '{}', 'days_after_generation', 21, 'monthly', 1, 0),
(10009, 10001, '任務階段4', '任務描述10009', 4, 'month_start', '{}', 'end_of_month', 0, 'monthly', 1, 0),
(10010, 10001, '任務階段5', '任務描述10010', 5, 'month_start', '{}', 'days_after_generation', 28, 'monthly', 1, 0),
(10011, 10001, '任務階段6', '任務描述10011', 6, 'month_start', '{}', 'days_after_generation', 30, 'monthly', 1, 0),
(10012, 10002, '任務階段1', '任務描述10012', 1, 'month_start', '{}', 'days_after_generation', 7, 'monthly', 1, 0),
(10013, 10002, '任務階段2', '任務描述10013', 2, 'month_start', '{}', 'days_after_generation', 14, 'monthly', 1, 0),
(10014, 10002, '任務階段3', '任務描述10014', 3, 'month_start', '{}', 'days_after_generation', 21, 'monthly', 1, 0),
(10015, 10002, '任務階段4', '任務描述10015', 4, 'month_start', '{}', 'end_of_month', 0, 'monthly', 1, 0),
(10016, 10002, '任務階段5', '任務描述10016', 5, 'month_start', '{}', 'days_after_generation', 28, 'monthly', 1, 0),
(10017, 10002, '任務階段6', '任務描述10017', 6, 'month_start', '{}', 'days_after_generation', 30, 'monthly', 1, 0),
(10018, 10003, '任務階段1', '任務描述10018', 1, 'month_start', '{}', 'days_after_generation', 7, 'monthly', 1, 0),
(10019, 10003, '任務階段2', '任務描述10019', 2, 'month_start', '{}', 'days_after_generation', 14, 'monthly', 1, 0),
(10020, 10003, '任務階段3', '任務描述10020', 3, 'month_start', '{}', 'days_after_generation', 21, 'monthly', 1, 0),
(10021, 10003, '任務階段4', '任務描述10021', 4, 'month_start', '{}', 'end_of_month', 0, 'monthly', 1, 0),
(10022, 10003, '任務階段5', '任務描述10022', 5, 'month_start', '{}', 'days_after_generation', 28, 'monthly', 1, 0),
(10023, 10003, '任務階段6', '任務描述10023', 6, 'month_start', '{}', 'days_after_generation', 30, 'monthly', 1, 0),
(10024, 10004, '任務階段1', '任務描述10024', 1, 'month_start', '{}', 'days_after_generation', 7, 'monthly', 1, 0),
(10025, 10004, '任務階段2', '任務描述10025', 2, 'month_start', '{}', 'days_after_generation', 14, 'monthly', 1, 0),
(10026, 10004, '任務階段3', '任務描述10026', 3, 'month_start', '{}', 'days_after_generation', 21, 'monthly', 1, 0),
(10027, 10004, '任務階段4', '任務描述10027', 4, 'month_start', '{}', 'end_of_month', 0, 'monthly', 1, 0),
(10028, 10004, '任務階段5', '任務描述10028', 5, 'month_start', '{}', 'days_after_generation', 28, 'monthly', 1, 0),
(10029, 10004, '任務階段6', '任務描述10029', 6, 'month_start', '{}', 'days_after_generation', 30, 'monthly', 1, 0),
(10030, 10005, '任務階段1', '任務描述10030', 1, 'month_start', '{}', 'days_after_generation', 7, 'monthly', 1, 0),
(10031, 10005, '任務階段2', '任務描述10031', 2, 'month_start', '{}', 'days_after_generation', 14, 'monthly', 1, 0),
(10032, 10005, '任務階段3', '任務描述10032', 3, 'month_start', '{}', 'days_after_generation', 21, 'monthly', 1, 0),
(10033, 10005, '任務階段4', '任務描述10033', 4, 'month_start', '{}', 'end_of_month', 0, 'monthly', 1, 0),
(10034, 10005, '任務階段5', '任務描述10034', 5, 'month_start', '{}', 'days_after_generation', 28, 'monthly', 1, 0),
(10035, 10005, '任務階段6', '任務描述10035', 6, 'month_start', '{}', 'days_after_generation', 30, 'monthly', 1, 0),
(10036, 10006, '任務階段1', '任務描述10036', 1, 'month_start', '{}', 'days_after_generation', 7, 'monthly', 1, 0),
(10037, 10006, '任務階段2', '任務描述10037', 2, 'month_start', '{}', 'days_after_generation', 14, 'monthly', 1, 0),
(10038, 10006, '任務階段3', '任務描述10038', 3, 'month_start', '{}', 'days_after_generation', 21, 'monthly', 1, 0),
(10039, 10006, '任務階段4', '任務描述10039', 4, 'month_start', '{}', 'end_of_month', 0, 'monthly', 1, 0),
(10040, 10006, '任務階段5', '任務描述10040', 5, 'month_start', '{}', 'days_after_generation', 28, 'monthly', 1, 0),
(10041, 10006, '任務階段6', '任務描述10041', 6, 'month_start', '{}', 'days_after_generation', 30, 'monthly', 1, 0),
(10042, 10007, '任務階段1', '任務描述10042', 1, 'month_start', '{}', 'days_after_generation', 7, 'monthly', 1, 0),
(10043, 10007, '任務階段2', '任務描述10043', 2, 'month_start', '{}', 'days_after_generation', 14, 'monthly', 1, 0),
(10044, 10007, '任務階段3', '任務描述10044', 3, 'month_start', '{}', 'days_after_generation', 21, 'monthly', 1, 0),
(10045, 10007, '任務階段4', '任務描述10045', 4, 'month_start', '{}', 'end_of_month', 0, 'monthly', 1, 0),
(10046, 10007, '任務階段5', '任務描述10046', 5, 'month_start', '{}', 'days_after_generation', 28, 'monthly', 1, 0),
(10047, 10007, '任務階段6', '任務描述10047', 6, 'month_start', '{}', 'days_after_generation', 30, 'monthly', 1, 0),
(10048, 10008, '任務階段1', '任務描述10048', 1, 'month_start', '{}', 'days_after_generation', 7, 'monthly', 1, 0),
(10049, 10008, '任務階段2', '任務描述10049', 2, 'month_start', '{}', 'days_after_generation', 14, 'monthly', 1, 0),
(10050, 10008, '任務階段3', '任務描述10050', 3, 'month_start', '{}', 'days_after_generation', 21, 'monthly', 1, 0),
(10051, 10008, '任務階段4', '任務描述10051', 4, 'month_start', '{}', 'end_of_month', 0, 'monthly', 1, 0),
(10052, 10008, '任務階段5', '任務描述10052', 5, 'month_start', '{}', 'days_after_generation', 28, 'monthly', 1, 0),
(10053, 10008, '任務階段6', '任務描述10053', 6, 'month_start', '{}', 'days_after_generation', 30, 'monthly', 1, 0),
(10054, 10009, '任務階段1', '任務描述10054', 1, 'month_start', '{}', 'days_after_generation', 7, 'monthly', 1, 0),
(10055, 10009, '任務階段2', '任務描述10055', 2, 'month_start', '{}', 'days_after_generation', 14, 'monthly', 1, 0),
(10056, 10009, '任務階段3', '任務描述10056', 3, 'month_start', '{}', 'days_after_generation', 21, 'monthly', 1, 0),
(10057, 10009, '任務階段4', '任務描述10057', 4, 'month_start', '{}', 'end_of_month', 0, 'monthly', 1, 0),
(10058, 10009, '任務階段5', '任務描述10058', 5, 'month_start', '{}', 'days_after_generation', 28, 'monthly', 1, 0),
(10059, 10009, '任務階段6', '任務描述10059', 6, 'month_start', '{}', 'days_after_generation', 30, 'monthly', 1, 0),
(10060, 10010, '任務階段1', '任務描述10060', 1, 'month_start', '{}', 'days_after_generation', 7, 'monthly', 1, 0),
(10061, 10010, '任務階段2', '任務描述10061', 2, 'month_start', '{}', 'days_after_generation', 14, 'monthly', 1, 0),
(10062, 10010, '任務階段3', '任務描述10062', 3, 'month_start', '{}', 'days_after_generation', 21, 'monthly', 1, 0),
(10063, 10010, '任務階段4', '任務描述10063', 4, 'month_start', '{}', 'end_of_month', 0, 'monthly', 1, 0),
(10064, 10010, '任務階段5', '任務描述10064', 5, 'month_start', '{}', 'days_after_generation', 28, 'monthly', 1, 0),
(10065, 10010, '任務階段6', '任務描述10065', 6, 'month_start', '{}', 'days_after_generation', 30, 'monthly', 1, 0),
(10066, 10011, '任務階段1', '任務描述10066', 1, 'month_start', '{}', 'days_after_generation', 7, 'monthly', 1, 0),
(10067, 10011, '任務階段2', '任務描述10067', 2, 'month_start', '{}', 'days_after_generation', 14, 'monthly', 1, 0),
(10068, 10011, '任務階段3', '任務描述10068', 3, 'month_start', '{}', 'days_after_generation', 21, 'monthly', 1, 0),
(10069, 10011, '任務階段4', '任務描述10069', 4, 'month_start', '{}', 'end_of_month', 0, 'monthly', 1, 0),
(10070, 10011, '任務階段5', '任務描述10070', 5, 'month_start', '{}', 'days_after_generation', 28, 'monthly', 1, 0),
(10071, 10011, '任務階段6', '任務描述10071', 6, 'month_start', '{}', 'days_after_generation', 30, 'monthly', 1, 0),
(10072, 10012, '任務階段1', '任務描述10072', 1, 'month_start', '{}', 'days_after_generation', 7, 'monthly', 1, 0),
(10073, 10012, '任務階段2', '任務描述10073', 2, 'month_start', '{}', 'days_after_generation', 14, 'monthly', 1, 0),
(10074, 10012, '任務階段3', '任務描述10074', 3, 'month_start', '{}', 'days_after_generation', 21, 'monthly', 1, 0),
(10075, 10012, '任務階段4', '任務描述10075', 4, 'month_start', '{}', 'end_of_month', 0, 'monthly', 1, 0),
(10076, 10012, '任務階段5', '任務描述10076', 5, 'month_start', '{}', 'days_after_generation', 28, 'monthly', 1, 0),
(10077, 10012, '任務階段6', '任務描述10077', 6, 'month_start', '{}', 'days_after_generation', 30, 'monthly', 1, 0),
(10078, 10013, '任務階段1', '任務描述10078', 1, 'month_start', '{}', 'days_after_generation', 7, 'monthly', 1, 0),
(10079, 10013, '任務階段2', '任務描述10079', 2, 'month_start', '{}', 'days_after_generation', 14, 'monthly', 1, 0),
(10080, 10013, '任務階段3', '任務描述10080', 3, 'month_start', '{}', 'days_after_generation', 21, 'monthly', 1, 0),
(10081, 10013, '任務階段4', '任務描述10081', 4, 'month_start', '{}', 'end_of_month', 0, 'monthly', 1, 0),
(10082, 10013, '任務階段5', '任務描述10082', 5, 'month_start', '{}', 'days_after_generation', 28, 'monthly', 1, 0),
(10083, 10013, '任務階段6', '任務描述10083', 6, 'month_start', '{}', 'days_after_generation', 30, 'monthly', 1, 0),
(10084, 10014, '任務階段1', '任務描述10084', 1, 'month_start', '{}', 'days_after_generation', 7, 'monthly', 1, 0),
(10085, 10014, '任務階段2', '任務描述10085', 2, 'month_start', '{}', 'days_after_generation', 14, 'monthly', 1, 0),
(10086, 10014, '任務階段3', '任務描述10086', 3, 'month_start', '{}', 'days_after_generation', 21, 'monthly', 1, 0),
(10087, 10014, '任務階段4', '任務描述10087', 4, 'month_start', '{}', 'end_of_month', 0, 'monthly', 1, 0),
(10088, 10014, '任務階段5', '任務描述10088', 5, 'month_start', '{}', 'days_after_generation', 28, 'monthly', 1, 0),
(10089, 10014, '任務階段6', '任務描述10089', 6, 'month_start', '{}', 'days_after_generation', 30, 'monthly', 1, 0),
(10090, 10015, '任務階段1', '任務描述10090', 1, 'month_start', '{}', 'days_after_generation', 7, 'monthly', 1, 0),
(10091, 10015, '任務階段2', '任務描述10091', 2, 'month_start', '{}', 'days_after_generation', 14, 'monthly', 1, 0),
(10092, 10015, '任務階段3', '任務描述10092', 3, 'month_start', '{}', 'days_after_generation', 21, 'monthly', 1, 0),
(10093, 10015, '任務階段4', '任務描述10093', 4, 'month_start', '{}', 'end_of_month', 0, 'monthly', 1, 0),
(10094, 10015, '任務階段5', '任務描述10094', 5, 'month_start', '{}', 'days_after_generation', 28, 'monthly', 1, 0),
(10095, 10015, '任務階段6', '任務描述10095', 6, 'month_start', '{}', 'days_after_generation', 30, 'monthly', 1, 0),
(10096, 10016, '任務階段1', '任務描述10096', 1, 'month_start', '{}', 'days_after_generation', 7, 'monthly', 1, 0),
(10097, 10016, '任務階段2', '任務描述10097', 2, 'month_start', '{}', 'days_after_generation', 14, 'monthly', 1, 0),
(10098, 10016, '任務階段3', '任務描述10098', 3, 'month_start', '{}', 'days_after_generation', 21, 'monthly', 1, 0),
(10099, 10016, '任務階段4', '任務描述10099', 4, 'month_start', '{}', 'end_of_month', 0, 'monthly', 1, 0);

-- 繼續插入剩餘的任務配置（10100-10419，共 320 個）
-- 為了節省空間，使用循環邏輯在 PowerShell 中生成
-- 這裡只插入到 10099，剩餘的通過 PowerShell 腳本動態生成


